source_doc,target_doc
DOC0001,DOC0006
DOC0001,DOC0007
DOC0001,DOC0008
DOC0001,DOC0009
DOC0001,DOC0010
DOC0001,DOC0011
DOC0001,DOC0012
DOC0001,DOC0013
DOC0001,DOC0014
DOC0001,DOC0015
DOC0001,DOC0016
DOC0001,DOC0017
DOC0001,DOC0018
DOC0001,DOC0019
DOC0001,DOC0020
DOC0001,DOC0021
DOC0001,DOC0022
DOC0001,DOC0023
DOC0001,DOC0024
DOC0001,DOC0025
DOC0001,DOC0026
DOC0001,DOC0027
DOC0001,DOC0028
DOC0001,DOC0029
DOC0001,DOC0030
DOC0001,DOC0031
DOC0001,DOC0032
DOC0001,DOC0033
DOC0001,DOC0034
DOC0001,DOC0035
DOC0001,DOC0036
DOC0001,DOC0037
DOC0001,DOC0038
DOC0001,DOC0039
DOC0001,DOC0040
DOC0001,DOC0041
DOC0001,DOC0042
DOC0001,DOC0043
DOC0001,DOC0044
DOC0001,DOC0045
DOC0001,DOC0046
DOC0001,DOC0047
DOC0001,DOC0048
DOC0001,DOC0049
DOC0001,DOC0050
DOC0001,DOC0005
DOC0002,DOC0014
DOC0002,DOC0027
DOC0002,DOC0038
DOC0002,DOC0010
DOC0002,DOC0045
DOC0002,DOC0048
DOC0002,DOC0033
DOC0002,DOC0001
DOC0002,DOC0008
DOC0002,DOC0005
DOC0002,DOC0003
DOC0002,DOC0004
DOC0003,DOC0014
DOC0003,DOC0038
DOC0003,DOC0002
DOC0003,DOC0010
DOC0003,DOC0045
DOC0003,DOC0048
DOC0003,DOC0030
DOC0003,DOC0033
DOC0003,DOC0001
DOC0003,DOC0008
DOC0003,DOC0005
DOC0003,DOC0004
DOC0004,DOC0007
DOC0004,DOC0008
DOC0004,DOC0010
DOC0004,DOC0033
DOC0004,DOC0038
DOC0004,DOC0040
DOC0004,DOC0044
DOC0004,DOC0045
DOC0004,DOC0048
DOC0004,DOC0005
DOC0004,DOC0002
DOC0004,DOC0003
DOC0004,DOC0001
DOC0005,DOC0010
DOC0005,DOC0028
DOC0005,DOC0033
DOC0005,DOC0038
DOC0005,DOC0045
DOC0005,DOC0048
DOC0005,DOC0049
DOC0005,DOC0002
DOC0005,DOC0003
DOC0005,DOC0001
DOC0005,DOC0004
DOC0006,DOC0033
DOC0006,DOC0038
DOC0006,DOC0040
DOC0006,DOC0001
DOC0006,DOC0048
DOC0007,DOC0040
DOC0007,DOC0048
DOC0007,DOC0033
DOC0008,DOC0033
DOC0008,DOC0038
DOC0008,DOC0045
DOC0008,DOC0048
DOC0009,DOC0033
DOC0009,DOC0038
DOC0009,DOC0045
DOC0009,DOC0048
DOC0010,DOC0033
DOC0010,DOC0038
DOC0010,DOC0048
DOC0011,DOC0018
DOC0011,DOC0038
DOC0011,DOC0010
DOC0011,DOC0045
DOC0011,DOC0048
DOC0011,DOC0033
DOC0011,DOC0003
DOC0012,DOC0040
DOC0012,DOC0048
DOC0012,DOC0033
DOC0013,DOC0010
DOC0013,DOC0033
DOC0013,DOC0038
DOC0013,DOC0045
DOC0013,DOC0048
DOC0014,DOC0033
DOC0014,DOC0038
DOC0014,DOC0048
DOC0015,DOC0033
DOC0015,DOC0038
DOC0015,DOC0045
DOC0015,DOC0048
DOC0016,DOC0033
DOC0016,DOC0038
DOC0016,DOC0001
DOC0016,DOC0048
DOC0017,DOC0038
DOC0017,DOC0040
DOC0017,DOC0042
DOC0017,DOC0043
DOC0017,DOC0001
DOC0017,DOC0047
DOC0017,DOC0048
DOC0018,DOC0038
DOC0018,DOC0010
DOC0018,DOC0045
DOC0018,DOC0048
DOC0018,DOC0033
DOC0019,DOC0033
DOC0019,DOC0038
DOC0019,DOC0001
DOC0019,DOC0048
DOC0019,DOC0004
DOC0020,DOC0008
DOC0020,DOC0010
DOC0020,DOC0026
DOC0020,DOC0033
DOC0020,DOC0034
DOC0020,DOC0038
DOC0020,DOC0045
DOC0020,DOC0046
DOC0020,DOC0048
DOC0020,DOC0049
DOC0020,DOC0001
DOC0021,DOC0006
DOC0021,DOC0033
DOC0021,DOC0038
DOC0021,DOC0045
DOC0021,DOC0001
DOC0021,DOC0048
DOC0021,DOC0004
DOC0021,DOC0002
DOC0021,DOC0003
DOC0022,DOC0006
DOC0022,DOC0033
DOC0022,DOC0038
DOC0022,DOC0045
DOC0022,DOC0048
DOC0022,DOC0002
DOC0022,DOC0003
DOC0022,DOC0001
DOC0022,DOC0004
DOC0024,DOC0033
DOC0024,DOC0038
DOC0024,DOC0021
DOC0024,DOC0045
DOC0024,DOC0001
DOC0024,DOC0048
DOC0026,DOC0010
DOC0026,DOC0033
DOC0026,DOC0038
DOC0026,DOC0045
DOC0026,DOC0001
DOC0026,DOC0048
DOC0027,DOC0008
DOC0027,DOC0033
DOC0027,DOC0038
DOC0027,DOC0045
DOC0027,DOC0048
DOC0027,DOC0005
DOC0027,DOC0002
DOC0028,DOC0008
DOC0028,DOC0010
DOC0028,DOC0033
DOC0028,DOC0038
DOC0028,DOC0045
DOC0028,DOC0048
DOC0029,DOC0010
DOC0029,DOC0033
DOC0029,DOC0038
DOC0029,DOC0039
DOC0029,DOC0048
DOC0030,DOC0033
DOC0030,DOC0038
DOC0030,DOC0048
DOC0031,DOC0033
DOC0031,DOC0038
DOC0031,DOC0045
DOC0031,DOC0001
DOC0031,DOC0048
DOC0032,DOC0033
DOC0032,DOC0038
DOC0032,DOC0040
DOC0032,DOC0001
DOC0032,DOC0048
DOC0033,DOC0038
DOC0033,DOC0048
DOC0034,DOC0020
DOC0034,DOC0026
DOC0034,DOC0033
DOC0034,DOC0038
DOC0034,DOC0045
DOC0034,DOC0046
DOC0034,DOC0001
DOC0034,DOC0048
DOC0034,DOC0049
DOC0035,DOC0038
DOC0035,DOC0049
DOC0035,DOC0010
DOC0035,DOC0048
DOC0035,DOC0033
DOC0037,DOC0022
DOC0037,DOC0027
DOC0037,DOC0033
DOC0037,DOC0038
DOC0037,DOC0040
DOC0037,DOC0045
DOC0037,DOC0001
DOC0037,DOC0048
DOC0037,DOC0049
DOC0037,DOC0002
DOC0038,DOC0048
DOC0039,DOC0010
DOC0039,DOC0013
DOC0039,DOC0029
DOC0039,DOC0033
DOC0039,DOC0038
DOC0039,DOC0040
DOC0039,DOC0045
DOC0039,DOC0048
DOC0041,DOC0033
DOC0041,DOC0038
DOC0041,DOC0001
DOC0041,DOC0048
DOC0041,DOC0004
DOC0042,DOC0017
DOC0042,DOC0040
DOC0042,DOC0043
DOC0042,DOC0001
DOC0042,DOC0047
DOC0042,DOC0048
DOC0043,DOC0017
DOC0043,DOC0038
DOC0043,DOC0042
DOC0043,DOC0001
DOC0043,DOC0047
DOC0043,DOC0048
DOC0044,DOC0033
DOC0044,DOC0038
DOC0044,DOC0045
DOC0044,DOC0048
DOC0044,DOC0004
DOC0045,DOC0008
DOC0045,DOC0033
DOC0045,DOC0038
DOC0045,DOC0048
DOC0045,DOC0049
DOC0046,DOC0033
DOC0046,DOC0038
DOC0046,DOC0045
DOC0046,DOC0048
DOC0047,DOC0017
DOC0047,DOC0038
DOC0047,DOC0042
DOC0047,DOC0043
DOC0047,DOC0001
DOC0047,DOC0048
DOC0049,DOC0008
DOC0049,DOC0010
DOC0049,DOC0033
DOC0049,DOC0038
DOC0049,DOC0045
DOC0049,DOC0048
DOC0050,DOC0006
DOC0050,DOC0009
DOC0050,DOC0021
DOC0050,DOC0033
DOC0050,DOC0038
DOC0050,DOC0001
DOC0050,DOC0048
