doc_id,title,category,url,source,crawl_depth,word_count,content_hash
DOC0001,Information retrieval - Wikipedia,Information Retrieval,https://en.wikipedia.org/wiki/Information_retrieval,en.wikipedia.org,0,6111,d11013f84e4629236818fc939076ae0b5fe5a71dd65cb712da01761b7ee48413
DOC0002,Machine learning - Wikipedia,Machine Learning,https://en.wikipedia.org/wiki/Machine_learning,en.wikipedia.org,0,20155,0d6f39aae86736b05f262f6ef0c71404f10b34f5fe0388f739aecfe594848567
DOC0003,Artificial intelligence - Wikipedia,Artificial Intelligence,https://en.wikipedia.org/wiki/Artificial_intelligence,en.wikipedia.org,0,36056,9c1df9083bb87aaad3929a5ee90e80f4e4baf07705dd084a0a56868bfea2eea6
DOC0004,Natural language processing - Wikipedia,Natural Language Processing,https://en.wikipedia.org/wiki/Natural_language_processing,en.wikipedia.org,0,8235,1c7f38e385b79383f0587f9a7e3c31c62fe63001a97e2cbf332f86e981e0cdb6
DOC0005,Data mining - Wikipedia,Data Mining,https://en.wikipedia.org/wiki/Data_mining,en.wikipedia.org,0,7045,0c06f0a9d56c1535495b4c8cec614474dae2fb819a253bf6439d731aa075ee59
DOC0006,Special Interest Group on Information Retrieval - Wikipedia,Information Retrieval,https://en.wikipedia.org/wiki/Special_Interest_Group_on_Information_Retrieval,en.wikipedia.org,1,1773,8b638ecb7f3e988c2109bce458e763eab73f81f85f16ff94868f5df35e3c8ace
DOC0007,Book sources - Wikipedia,Information Retrieval,https://en.wikipedia.org/wiki/Special:BookSources/978-0-521-86571-5,en.wikipedia.org,1,7609,9de9edc95c7227b3533588497449caf1eed58412fbadfe28b7cdcfa264299af8
DOC0008,PubMed Central - Wikipedia,Information Retrieval,https://en.wikipedia.org/wiki/PMC_(identifier),en.wikipedia.org,1,4447,34a266cd8af5317b7fa9296f61efe535402d9d2bb5bd3e4c0b244b2e8b9b16ad
DOC0009,Allen Kent - Wikipedia,Information Retrieval,https://en.wikipedia.org/wiki/Allen_Kent,en.wikipedia.org,1,1006,71a5b4b4de761a8eeaf5e5474c425dd6d3f0e111adbcd0578df9462cac22ddb6
DOC0010,File:Commons-logo.svg - Wikipedia,Information Retrieval,https://en.wikipedia.org/wiki/File:Commons-logo.svg,en.wikipedia.org,1,933,58da625df0798831c896226200383eea443015a43345a1164a8585836f8b39c8
DOC0011,Massachusetts Institute of Technology - Wikipedia,Information Retrieval,https://en.wikipedia.org/wiki/MIT,en.wikipedia.org,1,26392,b603b29b337ae7a4ef904b9a45eea0980bf3e2965111d4c5802b1c997821b006
DOC0012,Book sources - Wikipedia,Information Retrieval,https://en.wikipedia.org/wiki/Special:BookSources/978-963-9799-76-9,en.wikipedia.org,1,7609,f7eaa9ba20685fc967cc9a4106f501a2e2d90dfc2c5feecffbb671e1c0d7f263
DOC0013,Herman Hollerith - Wikipedia,Information Retrieval,https://en.wikipedia.org/wiki/Herman_Hollerith,en.wikipedia.org,1,2890,de5b5eea847f6441fc301fea15ba90fad04602244d6e5a1cfaa6e1f9d3864199
DOC0014,Category:Articles with excerpts - Wikipedia,Information Retrieval,https://en.wikipedia.org/wiki/Category:Articles_with_excerpts,en.wikipedia.org,1,1187,299d283220bdf67204d56e76c84709e25fe2488ba6b57ced7c14f00169579de5
DOC0015,Learned sparse retrieval - Wikipedia,Information Retrieval,https://en.wikipedia.org/wiki/SPLADE,en.wikipedia.org,1,1397,3a02f558b1b3592d00ca7ed455b4b83fc4792f418ee85afb0938c2b9d57c8d0a
DOC0016,Terrier (search engine) - Wikipedia,Information Retrieval,https://en.wikipedia.org/wiki/Terrier_Search_Engine,en.wikipedia.org,1,593,4ad864ad6f63412f7e26a37897b726cfc35b7f14207f86d243229faea656ba46
DOC0017,"Búsqueda y recuperación de información - Wikipedia, la enciclopedia libre",Information Retrieval,https://es.wikipedia.org/wiki/B%C3%BAsqueda_y_recuperaci%C3%B3n_de_informaci%C3%B3n,es.wikipedia.org,1,2855,a13fc46d74e40e3527b5de4a9203c758f08e728d6fe007615e90e330b67c76f0
DOC0018,Case Western Reserve University - Wikipedia,Information Retrieval,https://en.wikipedia.org/wiki/Case_Western_Reserve_University,en.wikipedia.org,1,13587,fbbd722936fec41ab31bb6b26e30e5451068e97a5d82ff4233bb38fc97600214
DOC0019,Search engine indexing - Wikipedia,Information Retrieval,https://en.wikipedia.org/wiki/Search_engine_indexing,en.wikipedia.org,1,5109,921b0f0cca92e9835bff91b6c21a69ee6078adf1913685f22ddd417a92bd2593
DOC0020,Taxonomy - Wikipedia,Information Retrieval,https://en.wikipedia.org/wiki/Taxonomy,en.wikipedia.org,1,7972,cad46f578f115b04bd19c78d5a4f8ae6555ec1cdb5c8213daf7c22cc48e05319
DOC0021,Karen Spärck Jones - Wikipedia,Information Retrieval,https://en.wikipedia.org/wiki/Karen_Spärck_Jones,en.wikipedia.org,1,3287,89f977a63c9df8a40ab0c145cb042c286e934356f72da92f3ec78e24428dc3fa
DOC0022,Recommender system - Wikipedia,Information Retrieval,https://en.wikipedia.org/wiki/Recommender_systems,en.wikipedia.org,1,11718,412437acd8e2271728e2c2a5e6bd9ed3f71bbdb12572c7a016f2723d157a1e75
DOC0023,Best NFL Betting Sites 2025 – Top NFL Betting Apps Ranked,Information Retrieval,http://www.lisbdnet.com/information-retrieval-syste,www.lisbdnet.com,1,5364,5926b9a27367383a3508d3d17cdf6e989f01ba172a90e99fc8fab019d74424d3
DOC0024,Probabilistic relevance model - Wikipedia,Information Retrieval,https://en.wikipedia.org/wiki/Probabilistic_relevance_model,en.wikipedia.org,1,620,7a3f5b200d57a8da4bf57da45a8ebbb8619372869e31da37a87f9aeec553575a
DOC0025,"Searching MEDLINE in English: a prototype user interface with natural language query, ranked output, and relevance feedback (Conference) | OSTI.GOV",Information Retrieval,https://www.osti.gov/biblio/5047496,www.osti.gov,1,852,dd131a2262e9780bd97efda745c25c4f23d40ec3519018a94e0c39f4ddd0927f
DOC0026,Library classification - Wikipedia,Information Retrieval,https://en.wikipedia.org/wiki/Library_classification,en.wikipedia.org,1,3191,f57489f62064a112fc3d167f5480f2c777a4bd9526e39e5377990adb522003ec
DOC0027,Feature engineering - Wikipedia,Information Retrieval,https://en.wikipedia.org/wiki/Feature_extraction,en.wikipedia.org,1,3142,2b8f6197301fce967d53406e10b0e7183f46f7fad146e594c9c9d3cdef006eff
DOC0028,Bayes' theorem - Wikipedia,Information Retrieval,https://en.wikipedia.org/wiki/Bayes'_theorem,en.wikipedia.org,1,7375,3a4746233c4c1e3a8dac6371454762e3f21132ee94620e600ee65eda18917033
DOC0029,Joseph Marie Jacquard - Wikipedia,Information Retrieval,https://en.wikipedia.org/wiki/Joseph_Marie_Jacquard,en.wikipedia.org,1,3155,7ffc9a7bc92c2bafad5bdc8d765d59cdc2f97add83f67a4bcc067d95a56d44de
DOC0030,Category:Pages displaying short descriptions of redirect targets via Module:Annotated link - Wikipedia,Information Retrieval,https://en.wikipedia.org/wiki/Category:Pages_displaying_short_descriptions_of_redirect_targets_via_Module:Annotated_link,en.wikipedia.org,1,1239,dce2c0cd340b96c93910c7742692229f0984c413f5bc50a0ca7cc0aa32b8e91b
DOC0031,Uncertain inference - Wikipedia,Information Retrieval,https://en.wikipedia.org/wiki/Uncertain_inference,en.wikipedia.org,1,987,aeaa80d40c3d619f7260876f9831b64f8a89b3a2e81a9fb79d9fc3a0ffe649f1
DOC0032,Information Retrieval Facility - Wikipedia,Information Retrieval,https://en.wikipedia.org/wiki/Information_Retrieval_Facility,en.wikipedia.org,1,811,97469f2617b65a8ce6a2a9c1c862e32b844f6442489ddc6b521cd6246080b9a3
DOC0033,Help:Contents - Wikipedia,Information Retrieval,https://en.wikipedia.org/wiki/Help:Contents,en.wikipedia.org,1,1703,873d4f34e0a8c7f0751850fbbac7bd61253e33c30c9fbdf38102422bbe72279b
DOC0034,Information behavior - Wikipedia,Information Retrieval,https://en.wikipedia.org/wiki/Information_behavior,en.wikipedia.org,1,5168,a0c3e8b5b9b81e62f6af8857a8049687a90564edf75558a80e9ce889560a0e04
DOC0035,Grateful Dead - Wikipedia,Information Retrieval,https://en.wikipedia.org/wiki/Grateful_Dead,en.wikipedia.org,1,18849,2a09c971eb61dc2ccc6c5c033c595daeea56d073fe1890d31531faf3b11822c7
DOC0036,[2107.09226] Pressure-robust staggered DG methods for the Navier-Stokes equations on general meshes,Information Retrieval,https://arxiv.org/abs/2107.09226,arxiv.org,1,665,5a8eb40e27feb3e35dc1ab53d1655a2bf9f2772616c85fa4c6a096927cb77b4b
DOC0037,Music information retrieval - Wikipedia,Information Retrieval,https://en.wikipedia.org/wiki/Music_information_retrieval,en.wikipedia.org,1,1942,c67854daa80819c6a37bf46288aaed0d25dce4316da7c6c2f545f7e26cc0e35f
DOC0038,Parsoid - MediaWiki,Information Retrieval,https://www.mediawiki.org/wiki/Special:MyLanguage/Parsoid,www.mediawiki.org,1,2792,7f251766947e5f77da81d0af865ee2fb4cd7f89732e2b402c1285ba6f51f3913
DOC0039,Jacquard machine - Wikipedia,Information Retrieval,https://en.wikipedia.org/wiki/Jacquard_loom,en.wikipedia.org,1,3495,e3b964457e9ce3d8f8d4d08b750c9f7015c7c0e6cbb77302b2b78d6bad8e110e
DOC0040,Google,Information Retrieval,https://www.google.com/search,www.google.com,1,83,4b7c40638a4f09414ba45e10cee95c7a2ee1da7118fc7a81be810c6203ba786c
DOC0041,Text Retrieval Conference - Wikipedia,Information Retrieval,https://en.wikipedia.org/wiki/Text_Retrieval_Conference,en.wikipedia.org,1,3234,d57268b84313883bc7e4ff2117a86c7d41a941b4117750ce9a688e8761696338
DOC0042,information retrieval - Wikidata,Information Retrieval,https://www.wikidata.org/wiki/Special:EntityPage/Q816826,www.wikidata.org,1,1293,1c434f3b9d85cbccc08008c54eb89c33b2df54d9f803a9b181d8176dd9ee727a
DOC0043,Information Retrieval – Wikipedia,Information Retrieval,https://de.wikipedia.org/wiki/Information_Retrieval,de.wikipedia.org,1,6574,ba5c6e349b87a9963dbcd9f4b92a7ada6f6e987d4d62f390be6831a9c1445972
DOC0044,Multi-document summarization - Wikipedia,Information Retrieval,https://en.wikipedia.org/wiki/Multi-document_summarization,en.wikipedia.org,1,1914,b68b64e403cc83872a11f75da8a28d2cd91403205a14b14ad3c96aa9a85a7a82
DOC0045,Digital object identifier - Wikipedia,Information Retrieval,https://en.wikipedia.org/wiki/Doi_(identifier),en.wikipedia.org,1,5983,10246ac157015d63bab2efb9f43e45f251eb4098f2eb80ee53ca4e7fe360a6e9
DOC0046,Internet freedom - Wikipedia,Information Retrieval,https://en.wikipedia.org/wiki/Internet_freedom,en.wikipedia.org,1,1240,984933fc23e8e65fa37a7a442ab90648f134980a8de67d479df4c48329ed4fc6
DOC0047,"Recuperació d'informació - Viquipèdia, l'enciclopèdia lliure",Information Retrieval,https://ca.wikipedia.org/wiki/Recuperaci%C3%B3_d%27informaci%C3%B3,ca.wikipedia.org,1,3092,91e05fa45c272a967ea460228e43b29598ad372613eee58b4585956c54eb9033
DOC0048,Wikimedia,Information Retrieval,https://www.wikimedia.org/,www.wikimedia.org,1,196,573aeb84c98a92256322a8e2b9ba64a5dd26200ba10d182ea426de6c9f8a80c3
DOC0049,Intellectual property - Wikipedia,Information Retrieval,https://en.wikipedia.org/wiki/Intellectual_property,en.wikipedia.org,1,14590,3e2871ac2fbd44a7d48caf63901f5fd83c9def4cef2491d918cc85bb4bd54856
DOC0050,Talk:Information retrieval - Wikipedia,Information Retrieval,https://en.wikipedia.org/wiki/Talk:Information_retrieval,en.wikipedia.org,1,3033,5415427fbb40a982087d4ca8f8899a09ca5402a116f9e305dfc8c4e4fcef3772
