doc_id,rank,keyword,tfidf_score
DOC0001,1,retriev,0.444577
DOC0001,2,inform,0.412829
DOC0001,3,model,0.296073
DOC0001,4,document,0.176092
DOC0001,5,queri,0.166241
DOC0001,6,evalu,0.110229
DOC0001,7,vector,0.099904
DOC0001,8,system,0.097412
DOC0001,9,semant,0.094857
DOC0001,10,relev,0.09377
DOC0002,1,learn,0.463448
DOC0002,2,machin,0.368119
DOC0002,3,model,0.218615
DOC0002,4,algorithm,0.192599
DOC0002,5,artifici,0.167538
DOC0002,6,data,0.16662
DOC0002,7,train,0.154899
DOC0002,8,comput,0.149281
DOC0002,9,neural,0.140237
DOC0002,10,intellig,0.127799
DOC0003,1,intellig,0.35201
DOC0003,2,norvig,0.329339
DOC0003,3,artifici,0.297598
DOC0003,4,russel,0.284774
DOC0003,5,origin,0.170574
DOC0003,6,archiv,0.152848
DOC0003,7,robot,0.149029
DOC0003,8,retriev,0.145856
DOC0003,9,chpt,0.131508
DOC0003,10,comput,0.129761
DOC0004,1,languag,0.317428
DOC0004,2,nlp,0.26086
DOC0004,3,word,0.25542
DOC0004,4,natur,0.243497
DOC0004,5,semant,0.220054
DOC0004,6,process,0.187463
DOC0004,7,linguist,0.162871
DOC0004,8,sentenc,0.162099
DOC0004,9,pars,0.146582
DOC0004,10,task,0.141177
DOC0005,1,data,0.60613
DOC0005,2,mine,0.55948
DOC0005,3,learn,0.13059
DOC0005,4,softwar,0.125787
DOC0005,5,analysi,0.110963
DOC0005,6,comput,0.107404
DOC0005,7,machin,0.101412
DOC0005,8,pattern,0.092341
DOC0005,9,process,0.08818
DOC0005,10,use,0.082493
DOC0006,1,sigir,0.467503
DOC0006,2,award,0.350889
DOC0006,3,acm,0.316397
DOC0006,4,academi,0.280502
DOC0006,5,retriev,0.243621
DOC0006,6,inform,0.157157
DOC0006,7,releas,0.145028
DOC0006,8,confer,0.132733
DOC0006,9,group,0.129821
DOC0006,10,march,0.113771
DOC0007,1,book,0.596586
DOC0007,2,librari,0.477378
DOC0007,3,catalogu,0.424672
DOC0007,4,catalog,0.359029
DOC0007,5,univers,0.223907
DOC0007,6,public,0.111033
DOC0007,7,counti,0.107953
DOC0007,8,colleg,0.054063
DOC0007,9,nation,0.048136
DOC0007,10,california,0.036285
DOC0008,1,pubm,0.541265
DOC0008,2,nih,0.308591
DOC0008,3,central,0.246929
DOC0008,4,publish,0.199827
DOC0008,5,pmc,0.168821
DOC0008,6,nlm,0.167322
DOC0008,7,access,0.15141
DOC0008,8,public,0.147667
DOC0008,9,dtd,0.1412
DOC0008,10,articl,0.139736
DOC0009,1,kent,0.461743
DOC0009,2,pittsburgh,0.323721
DOC0009,3,allen,0.311645
DOC0009,4,inform,0.207753
DOC0009,5,univers,0.177566
DOC0009,6,scienc,0.160113
DOC0009,7,obituari,0.158072
DOC0009,8,edit,0.141977
DOC0009,9,asi,0.130616
DOC0009,10,award,0.126276
DOC0010,1,file,0.49532
DOC0010,2,svg,0.390549
DOC0010,3,logo,0.27512
DOC0010,4,common,0.218862
DOC0010,5,pixel,0.217788
DOC0010,6,wikimedia,0.132887
DOC0010,7,wikipedia,0.132887
DOC0010,8,local,0.104499
DOC0010,9,apollo,0.102041
DOC0010,10,use,0.101647
DOC0011,1,mit,0.73126
DOC0011,2,retriev,0.165748
DOC0011,3,institut,0.160721
DOC0011,4,colleg,0.158945
DOC0011,5,massachusett,0.140605
DOC0011,6,student,0.129427
DOC0011,7,campu,0.122673
DOC0011,8,research,0.117123
DOC0011,9,boston,0.116903
DOC0011,10,univers,0.109969
DOC0012,1,book,0.596586
DOC0012,2,librari,0.477378
DOC0012,3,catalogu,0.424672
DOC0012,4,catalog,0.359029
DOC0012,5,univers,0.223907
DOC0012,6,public,0.111033
DOC0012,7,counti,0.107953
DOC0012,8,colleg,0.054063
DOC0012,9,nation,0.048136
DOC0012,10,california,0.036285
DOC0013,1,hollerith,0.711209
DOC0013,2,herman,0.317844
DOC0013,3,tabul,0.273542
DOC0013,4,censu,0.240717
DOC0013,5,card,0.128372
DOC0013,6,punch,0.106594
DOC0013,7,columbia,0.101658
DOC0013,8,oak,0.091565
DOC0013,9,compani,0.089215
DOC0013,10,ibm,0.083064
DOC0014,1,canada,0.979752
DOC0014,2,nbome,0.120962
DOC0014,3,excerpt,0.071688
DOC0014,4,centuri,0.049296
DOC0014,5,categori,0.049126
DOC0014,6,page,0.041742
DOC0014,7,commando,0.036289
DOC0014,8,congo,0.036289
DOC0014,9,democrat,0.030354
DOC0014,10,articl,0.030066
DOC0015,1,splade,0.504047
DOC0015,2,spars,0.426113
DOC0015,3,retriev,0.216684
DOC0015,4,sigir,0.186892
DOC0015,5,arxiv,0.183537
DOC0015,6,expans,0.165889
DOC0015,7,clinchant,0.136952
DOC0015,8,lexic,0.129025
DOC0015,9,model,0.124041
DOC0015,10,phane,0.123851
DOC0016,1,terrier,0.556356
DOC0016,2,softwar,0.184358
DOC0016,3,plachoura,0.177449
DOC0016,4,vassili,0.177449
DOC0016,5,macdonald,0.177449
DOC0016,6,trec,0.166671
DOC0016,7,iadh,0.160474
DOC0016,8,ouni,0.160474
DOC0016,9,engin,0.156903
DOC0016,10,retriev,0.150945
DOC0017,1,documento,0.417907
DOC0017,2,una,0.254525
DOC0017,3,informaci,0.242557
DOC0017,4,lo,0.223834
DOC0017,5,precisi,0.223673
DOC0017,6,modelo,0.221746
DOC0017,7,recuperaci,0.206886
DOC0017,8,para,0.200534
DOC0017,9,que,0.186248
DOC0017,10,relevant,0.185109
DOC0018,1,reserv,0.434391
DOC0018,2,univers,0.433541
DOC0018,3,western,0.348465
DOC0018,4,case,0.32951
DOC0018,5,cleveland,0.250204
DOC0018,6,colleg,0.22233
DOC0018,7,cwru,0.152665
DOC0018,8,school,0.111039
DOC0018,9,student,0.105784
DOC0018,10,retriev,0.104481
DOC0019,1,index,0.58655
DOC0019,2,document,0.324868
DOC0019,3,word,0.226165
DOC0019,4,invert,0.224576
DOC0019,5,engin,0.201036
DOC0019,6,token,0.164689
DOC0019,7,format,0.155737
DOC0019,8,store,0.128689
DOC0019,9,compress,0.127259
DOC0019,10,forward,0.121012
DOC0020,1,classif,0.613931
DOC0020,2,taxonomi,0.598845
DOC0020,3,concept,0.106003
DOC0020,4,edit,0.09172
DOC0020,5,approach,0.084666
DOC0020,6,biolog,0.074951
DOC0020,7,taxonom,0.070309
DOC0020,8,natur,0.065128
DOC0020,9,classifi,0.064244
DOC0020,10,speci,0.064158
DOC0021,1,rck,0.542485
DOC0021,2,jone,0.466459
DOC0021,3,karen,0.32841
DOC0021,4,comput,0.173784
DOC0021,5,cambridg,0.137124
DOC0021,6,retriev,0.126573
DOC0021,7,award,0.113154
DOC0021,8,inform,0.107779
DOC0021,9,fellow,0.101141
DOC0021,10,bc,0.098261
DOC0022,1,recommend,0.770597
DOC0022,2,system,0.225941
DOC0022,3,user,0.201375
DOC0022,4,filter,0.138217
DOC0022,5,acm,0.106642
DOC0022,6,doi,0.100709
DOC0022,7,netflix,0.098898
DOC0022,8,base,0.097781
DOC0022,9,evalu,0.092818
DOC0022,10,collabor,0.091986
DOC0023,1,bet,0.631678
DOC0023,2,nfl,0.594202
DOC0023,3,odd,0.154296
DOC0023,4,wager,0.148836
DOC0023,5,app,0.123706
DOC0023,6,player,0.118327
DOC0023,7,prop,0.10528
DOC0023,8,sportsbook,0.105274
DOC0023,9,bettor,0.098014
DOC0023,10,payout,0.087123
DOC0024,1,probabilist,0.364926
DOC0024,2,relev,0.362998
DOC0024,3,model,0.357844
DOC0024,4,framework,0.190285
DOC0024,5,queri,0.167437
DOC0024,6,probabl,0.15649
DOC0024,7,document,0.153963
DOC0024,8,edit,0.149761
DOC0024,9,robertson,0.136847
DOC0024,10,assum,0.132371
DOC0025,1,osti,0.303273
DOC0025,2,medlin,0.262858
DOC0025,3,feedback,0.231131
DOC0025,4,prototyp,0.225673
DOC0025,5,annu,0.223568
DOC0025,6,natur,0.210929
DOC0025,7,queri,0.205285
DOC0025,8,rank,0.185005
DOC0025,9,output,0.181397
DOC0025,10,interfac,0.170833
DOC0026,1,classif,0.732039
DOC0026,2,librari,0.428035
DOC0026,3,decim,0.135854
DOC0026,4,system,0.126549
DOC0026,5,subject,0.122197
DOC0026,6,scheme,0.120862
DOC0026,7,ddc,0.114615
DOC0026,8,facet,0.096888
DOC0026,9,catalog,0.092555
DOC0026,10,naud,0.091692
DOC0027,1,featur,0.671803
DOC0027,2,learn,0.263958
DOC0027,3,data,0.190049
DOC0027,4,engin,0.181221
DOC0027,5,machin,0.144937
DOC0027,6,cluster,0.11186
DOC0027,7,python,0.104056
DOC0027,8,deep,0.100745
DOC0027,9,model,0.100341
DOC0027,10,multi,0.097821
DOC0028,1,displaystyl,0.578328
DOC0028,2,probabl,0.323079
DOC0028,3,bay,0.3216
DOC0028,4,theorem,0.25758
DOC0028,5,bayesian,0.199658
DOC0028,6,vert,0.184557
DOC0028,7,frac,0.153226
DOC0028,8,infect,0.1516
DOC0028,9,neg,0.147189
DOC0028,10,posit,0.133801
DOC0029,1,jacquard,0.586751
DOC0029,2,loom,0.359622
DOC0029,3,lyon,0.252484
DOC0029,4,thread,0.212086
DOC0029,5,warp,0.196538
DOC0029,6,joseph,0.182865
DOC0029,7,hook,0.16159
DOC0029,8,silk,0.131026
DOC0029,9,weav,0.121192
DOC0029,10,mari,0.11849
DOC0030,1,categori,0.30139
DOC0030,2,modul,0.261385
DOC0030,3,page,0.24624
DOC0030,4,annot,0.240977
DOC0030,5,adawoolf,0.185526
DOC0030,6,user,0.166534
DOC0030,7,display,0.160747
DOC0030,8,redirect,0.152228
DOC0030,9,target,0.150531
DOC0030,10,link,0.142034
DOC0031,1,infer,0.388324
DOC0031,2,uncertain,0.30618
DOC0031,3,queri,0.294717
DOC0031,4,plausibl,0.272546
DOC0031,5,wedg,0.260784
DOC0031,6,document,0.254063
DOC0031,7,assert,0.238478
DOC0031,8,probabl,0.236714
DOC0031,9,logic,0.235104
DOC0031,10,displaystyl,0.168246
DOC0032,1,inform,0.332761
DOC0032,2,patent,0.294273
DOC0032,3,retriev,0.293089
DOC0032,4,facil,0.244066
DOC0032,5,articl,0.233719
DOC0032,6,remov,0.157508
DOC0032,7,edit,0.147297
DOC0032,8,investig,0.139581
DOC0032,9,promot,0.135015
DOC0032,10,vienna,0.134341
DOC0033,1,help,0.322448
DOC0033,2,wikipedia,0.266241
DOC0033,3,page,0.259636
DOC0033,4,markup,0.241527
DOC0033,5,nowiki,0.235874
DOC0033,6,articl,0.225105
DOC0033,7,wiki,0.194905
DOC0033,8,tip,0.15358
DOC0033,9,desk,0.144916
DOC0033,10,edit,0.132411
DOC0034,1,inform,0.614781
DOC0034,2,behavior,0.431215
DOC0034,3,seek,0.341728
DOC0034,4,model,0.142647
DOC0034,5,research,0.118162
DOC0034,6,kuhlthau,0.107996
DOC0034,7,wilson,0.090844
DOC0034,8,approach,0.090437
DOC0034,9,scienc,0.087935
DOC0034,10,theori,0.082215
DOC0035,1,grate,0.562286
DOC0035,2,dead,0.522684
DOC0035,3,band,0.292761
DOC0035,4,garcia,0.170461
DOC0035,5,weir,0.129446
DOC0035,6,concert,0.129386
DOC0035,7,tour,0.109007
DOC0035,8,lesh,0.106736
DOC0035,9,album,0.102194
DOC0035,10,music,0.094124
DOC0036,1,pressur,0.243085
DOC0036,2,arxivlab,0.234381
DOC0036,3,stagger,0.21196
DOC0036,4,navier,0.21196
DOC0036,5,arxiv,0.209405
DOC0036,6,math,0.208359
DOC0036,7,toggl,0.192443
DOC0036,8,veloc,0.187505
DOC0036,9,paper,0.1851
DOC0036,10,stoke,0.183714
DOC0037,1,music,0.812779
DOC0037,2,mir,0.202968
DOC0037,3,audio,0.161541
DOC0037,4,retriev,0.109554
DOC0037,5,edit,0.106127
DOC0037,6,recognit,0.104591
DOC0037,7,inform,0.102751
DOC0037,8,instrument,0.096336
DOC0037,9,transcript,0.084399
DOC0037,10,applic,0.081074
DOC0038,1,wmf,0.607211
DOC0038,2,mediawiki,0.435355
DOC0038,3,parsoid,0.348705
DOC0038,4,php,0.202404
DOC0038,5,project,0.163998
DOC0038,6,api,0.161243
DOC0038,7,visualeditor,0.139461
DOC0038,8,wikitext,0.125298
DOC0038,9,html,0.110262
DOC0038,10,test,0.106767
DOC0039,1,jacquard,0.665246
DOC0039,2,loom,0.382516
DOC0039,3,weav,0.275096
DOC0039,4,card,0.19598
DOC0039,5,machin,0.184169
DOC0039,6,textil,0.143912
DOC0039,7,warp,0.134318
DOC0039,8,punch,0.133607
DOC0039,9,hook,0.088741
DOC0039,10,dobbi,0.084872
DOC0040,1,imag,0.469872
DOC0040,2,googl,0.288765
DOC0040,3,creat,0.231843
DOC0040,4,lucki,0.227126
DOC0040,5,inappropri,0.2054
DOC0040,6,gmail,0.2054
DOC0040,7,brainstorm,0.2054
DOC0040,8,dark,0.189984
DOC0040,9,send,0.178027
DOC0040,10,app,0.168258
DOC0041,1,track,0.547498
DOC0041,2,trec,0.540157
DOC0041,3,goal,0.263058
DOC0041,4,retriev,0.202093
DOC0041,5,nist,0.159391
DOC0041,6,evalu,0.109181
DOC0041,7,inform,0.106943
DOC0041,8,document,0.106134
DOC0041,9,hoc,0.10231
DOC0041,10,collect,0.092182
DOC0042,1,refer,0.600891
DOC0042,2,retriev,0.315824
DOC0042,3,inform,0.2965
DOC0042,4,monolingu,0.157991
DOC0042,5,tiedonhaku,0.157991
DOC0042,6,entri,0.152009
DOC0042,7,name,0.148978
DOC0042,8,subject,0.145567
DOC0042,9,finnish,0.132155
DOC0042,10,informationss,0.131659
DOC0043,1,und,0.398978
DOC0043,2,der,0.380005
DOC0043,3,die,0.321243
DOC0043,4,bearbeiten,0.312307
DOC0043,5,ein,0.239862
DOC0043,6,dokument,0.201864
DOC0043,7,da,0.189989
DOC0043,8,den,0.166892
DOC0043,9,werden,0.153314
DOC0043,10,quelltext,0.153314
DOC0044,1,summar,0.431234
DOC0044,2,document,0.347867
DOC0044,3,multi,0.241118
DOC0044,4,summari,0.24108
DOC0044,5,extract,0.228428
DOC0044,6,text,0.19072
DOC0044,7,news,0.170684
DOC0044,8,semant,0.125168
DOC0044,9,inform,0.118438
DOC0044,10,cluster,0.107802
DOC0045,1,doi,0.669521
DOC0045,2,identifi,0.280958
DOC0045,3,iso,0.233425
DOC0045,4,object,0.203945
DOC0045,5,standard,0.143928
DOC0045,6,registr,0.137713
DOC0045,7,origin,0.125479
DOC0045,8,archiv,0.121316
DOC0045,9,crossref,0.117771
DOC0045,10,prefix,0.116713
DOC0046,1,freedom,0.657214
DOC0046,2,internet,0.429992
DOC0046,3,right,0.261662
DOC0046,4,liberti,0.172327
DOC0046,5,human,0.111068
DOC0046,6,libertarian,0.106463
DOC0046,7,law,0.099223
DOC0046,8,dsa,0.088293
DOC0046,9,edit,0.087654
DOC0046,10,censorship,0.08293
DOC0047,1,informaci,0.308936
DOC0047,2,rellev,0.267766
DOC0047,3,una,0.267202
DOC0047,4,precisi,0.250502
DOC0047,5,reclam,0.2493
DOC0047,6,el,0.240066
DOC0047,7,recuperaci,0.216255
DOC0047,8,que,0.201635
DOC0047,9,displaystyl,0.196578
DOC0047,10,del,0.164164
DOC0048,1,free,0.484566
DOC0048,2,wikimedia,0.281056
DOC0048,3,mediawiki,0.230312
DOC0048,4,knowledg,0.212542
DOC0048,5,project,0.206689
DOC0048,6,freeli,0.19396
DOC0048,7,wiki,0.1646
DOC0048,8,movement,0.153748
DOC0048,9,content,0.140528
DOC0048,10,librari,0.134121
DOC0049,1,intellectu,0.531718
DOC0049,2,properti,0.450566
DOC0049,3,law,0.330877
DOC0049,4,right,0.221516
DOC0049,5,copyright,0.193634
DOC0049,6,patent,0.187781
DOC0049,7,trade,0.160314
DOC0049,8,infring,0.120591
DOC0049,9,protect,0.120244
DOC0049,10,tax,0.097456
DOC0050,1,comment,0.542429
DOC0050,2,repli,0.359462
DOC0050,3,articl,0.272245
DOC0050,4,latest,0.190404
DOC0050,5,inform,0.186986
DOC0050,6,wikiproject,0.186935
DOC0050,7,ago,0.16766
DOC0050,8,talk,0.138859
DOC0050,9,retriev,0.137952
DOC0050,10,linguist,0.137604
